inference,q13new,effect_of_10pp_lower_q22,se,ci95_lo,ci95_hi,classification,note
person-clustered,0,-0.0942586323722061,0.028825322168320722,-0.1507562638221147,-0.03776100092229748,precisely small,centring mean of loss10 = 1.3588 (estimation sample)
person-clustered,5,-0.07473028069856755,0.027201540954066745,-0.12804530096853836,-0.021415260428596726,precisely small,centring mean of loss10 = 1.3588 (estimation sample)
person-clustered,20,-0.01614522567765194,0.03172266915677845,-0.07832165722493771,0.04603120586963383,precisely small,centring mean of loss10 = 1.3588 (estimation sample)
person-clustered,50,0.10102488436417928,0.06297714352972648,-0.02241031695408463,0.2244600856824432,precisely small,centring mean of loss10 = 1.3588 (estimation sample)
person-clustered,difference 50 vs 5,0.17575516506274683,0.06033637028058669,0.05749587931279691,0.2940144508126967,precisely small,centring mean of loss10 = 1.3588 (estimation sample)
two-way,0,-0.0942586323722061,0.027828725348542527,-0.14880293405534945,-0.03971433068906274,precisely small,centring mean of loss10 = 1.3588 (estimation sample)
two-way,5,-0.07473028069856755,0.02667983770074019,-0.12702276259201833,-0.022437798805116774,precisely small,centring mean of loss10 = 1.3588 (estimation sample)
two-way,20,-0.01614522567765194,0.03255905699315449,-0.07996097738423474,0.04767052602893087,precisely small,centring mean of loss10 = 1.3588 (estimation sample)
two-way,50,0.10102488436417928,0.06457034174798555,-0.02553298546187241,0.22758275419023097,precisely small,centring mean of loss10 = 1.3588 (estimation sample)
two-way,difference 50 vs 5,0.17575516506274683,0.06015829040219902,0.05784491587443674,0.2936654142510569,precisely small,centring mean of loss10 = 1.3588 (estimation sample)
