evaluation,unit,n,rmse_base,rmse_exp,rmse_diff,rmse_rel,mae_base,mae_exp,mae_diff,mae_rel
person held out,fold 0,17495,13.131158338552197,13.126007433586121,0.005150904966075842,0.0003922658483945877,7.107195756388521,7.096865362685997,0.010330393702523644,0.001453511913364403
person held out,fold 1,17447,13.559697507815422,13.55653347210314,0.003164035712281077,0.00023334117228333576,7.397171319736759,7.395201270001581,0.0019700497351777813,0.00026632474090756747
person held out,fold 2,17510,13.617549453066705,13.613967247843918,0.0035822052227860723,0.00026305799256556774,7.3830343869653285,7.3743900717822815,0.008644315183047091,0.0011708350157908706
person held out,fold 3,17285,13.887161720992816,13.88568363364392,0.0014780873488966506,0.00010643552502613037,7.4799720429214345,7.4676842909777585,0.012287751943675929,0.0016427537259720466
person held out,fold 4,17583,13.802005012723074,13.802977322997464,-0.0009723102743901535,-7.044703095628865e-05,7.337787648045172,7.339968158757502,-0.0021805107123302747,-0.0002971618717954008
forward,test year 2016 (train n=16719),7339,14.263374477548366,14.26279442839782,0.0005800491505461025,4.066703510162647e-05,7.789774776921139,7.78611199666943,0.0036627802517097408,0.0004702036139172476
forward,test year 2017 (train n=24002),7356,14.002456250453717,14.000038124700032,0.002418125753685274,0.000172692969749998,7.484497762046368,7.471916527225951,0.012581234820417286,0.0016809724874548425
forward,test year 2018 (train n=31405),7244,13.244085473941855,13.243613164274647,0.0004723096672076821,3.566193136830519e-05,7.278657043445101,7.267064177837689,0.011592865607411795,0.001592720406829982
forward,test year 2019 (train n=38611),7344,14.197456729168447,14.194648710086948,0.002808019081498969,0.00019778324632819193,7.538010732171745,7.517515404984996,0.02049532718674918,0.0027189304864314455
forward,test year 2020 (train n=45972),6835,13.320342392210009,13.323860638605291,-0.0035182463952825316,-0.0002641258228722461,7.191635686532138,7.202349138669796,-0.010713452137658841,-0.001489710074958615
forward,test year 2021 (train n=52810),7399,11.362227566349551,11.355895309644707,0.006332256704844497,0.0005573076817787165,5.967037623866986,5.955519286710536,0.01151833715645001,0.0019303275565716075
forward,test year 2022 (train n=60168),7834,12.077533941032186,12.071281300627188,0.006252640404998289,0.0005177083695667028,6.45587364240443,6.432303056754906,0.023570585649523856,0.003651029582534582
forward,test year 2023 (train n=68021),7351,14.087686129760698,14.08046584347293,0.007220286287767053,0.0005125246418227591,7.466248911362483,7.447501281843538,0.01874762951894482,0.0025109837271047593
forward,test year 2024 (train n=75387),6536,14.485810864280825,14.479192432053958,0.006618432226867199,0.0004568906973089755,7.811511733666675,7.800717812090361,0.010793921576314425,0.0013817967564196214
forward,test year 2025 (train n=82057),4792,13.890692438950857,13.890253180429255,0.00043925852160242584,3.1622507195588185e-05,7.735624448727311,7.735663033049662,-3.858432235137599e-05,-4.9878742960077386e-06
