model,inference,term,coef,se,ci95_lo,ci95_hi,z,n_obs,n_persons
A,person-clustered,fd10,0.298703111363345,0.041289486875987144,0.2177757170864102,0.3796305056402798,7.234362399816179,108388,15673
A,person-clustered,loss10,2.3723143232769486,0.08250757942947944,2.210599467595169,2.534029178958728,28.752683567751543,108388,15673
A,two-way person+month clustered,fd10,0.298703111363345,0.04111511306426126,0.21811748975739292,0.37928873296929705,7.265044143171493,108388,15673
A,two-way person+month clustered,loss10,2.3723143232769486,0.08297164939431874,2.209689890464084,2.5349387560898133,28.591866506144044,108388,15673
B,person-clustered,fd10,-0.049261741808183,0.027498716346184282,-0.10315922584670419,0.004635742230338191,-1.7914196862145004,105648,12933
B,person-clustered,loss10,1.0846706932371066,0.0507167649396746,0.9852658339553444,1.1840755525188689,21.386827305079013,105648,12933
B,two-way person+month clustered,fd10,-0.049261741808183,0.02777181241705842,-0.10369449414561749,0.0051710105292515005,-1.7738036347215391,105648,12933
B,two-way person+month clustered,loss10,1.0846706932371066,0.05173635631066492,0.9832674348682033,1.18607395160601,20.96534759278192,105648,12933
C,person-clustered,fd10,-0.04118707051351412,0.028168421220467223,-0.09639717610562987,0.014023035078601635,-1.462171777081618,105648,12933
C,person-clustered,loss10,1.08598847953752,0.050584926736539776,0.9868420231339021,1.185134935941138,21.46861821494073,105648,12933
C,person-clustered,fd_x_loss_c,0.03905670334727707,0.01340808228457482,0.012776862069510425,0.06533654462504372,2.9129224089122294,105648,12933
C,two-way person+month clustered,fd10,-0.04118707051351412,0.028509842162611907,-0.09706636115223347,0.01469222012520522,-1.4446614708911738,105648,12933
C,two-way person+month clustered,loss10,1.08598847953752,0.05161601723887827,0.9848210857493187,1.1871558733257215,21.039757378249067,105648,12933
C,two-way person+month clustered,fd_x_loss_c,0.03905670334727707,0.01336850897826645,0.012854425749874832,0.06525898094467932,2.9215452082780975,105648,12933
B,person-clustered; excludes 2020-03..2020-12,fd10,-0.07155142198576946,0.0282274756698086,-0.1268772742985943,-0.016225569672944605,-2.53481476072262,98882,12669
B,person-clustered; excludes 2020-03..2020-12,loss10,1.0539804802566497,0.05097379740378339,0.9540718373452343,1.1538891231680652,20.67690723348818,98882,12669
A,person-clustered; WLS with SCE weight,fd10,0.28151057896286896,0.05413938032778322,0.17539739352041386,0.3876237644053241,5.199737737271505,108367,15658
A,person-clustered; WLS with SCE weight,loss10,2.8064015276987315,0.11093982360738998,2.5889594734282473,3.0238435819692158,25.29661068896625,108367,15658
B,person-clustered; WLS with SCE weight,fd10,-0.034553100071241405,0.04150331992345829,-0.11589960712121966,0.04679340697873685,-0.8325382194717267,105640,12931
B,person-clustered; WLS with SCE weight,loss10,1.308047906620721,0.07930870312219605,1.1526028485012167,1.463492964740225,16.49311935671583,105640,12931
