spec,term,coef,se,ci95_lo,ci95_hi,n_obs,n_persons,classification,persons_dropped,rows_dropped,first_stage_F,rows_added,mean_outcome
B main,fd10,-0.049261741808183,0.027498716346184282,-0.10315922584670419,0.004635742230338191,105648,12933,precisely small,,,,,
A main,fd10,0.298703111363345,0.041289486875987144,0.2177757170864102,0.3796305056402798,108388,15673,precisely small,,,,,
S1 drop persons with Q30=0 in every month,fd10,-0.053268186583092916,0.032183712265943624,-0.11634826262434242,0.009811889458156586,89723,10806,precisely small,3098.0,,,,
S2a drop rows with any core item = 50,fd10,-0.03699551883517692,0.02882388873301268,-0.09349034075188177,0.019499303081527933,87474,12113,precisely small,,18113.0,,,
"S2b drop rows with Q22 in {0,100}",fd10,-0.06586303666196867,0.029586480154497417,-0.12385253776478361,-0.007873535559153738,92132,12111,precisely small,,13460.0,,,
S3a drop rows with |dQ22| >= 50 vs previous month,fd10,-0.0374258608916149,0.03421014831078257,-0.10447775158074873,0.029626029797518938,99940,12855,precisely small,,5630.0,,,
"S3b same-sample OLS (Model A, rows with t-1)",fd10,0.24746626073778302,0.04529079649931985,0.15869629959911613,0.3362362218764499,84278,12422,precisely small,,,,,
"S3b 2SLS Model A, beliefs instrumented by t-1 values",fd10,0.32937614006696897,0.06274780076952947,0.2063904505586912,0.45236182957524673,84278,12422,precisely small,,,"{'fd10': 16689.2, 'loss10': 4616.0}",,
S3c same-sample first-difference OLS,d_fd10,-0.05933137268690768,0.031361844027108315,-0.12080058698003998,0.0021378416062246205,68100,10697,precisely small,,,,,
"S3c first-difference 2SLS, instruments at t-2",d_fd10,0.8306393913271256,0.7190045379464644,-0.5786095030479445,2.239888285702196,68100,10697,inconclusive,,,"{'d_fd10': 30.0, 'd_loss10': 53.6}",,
S4a baseline-employed cohort (in main sample every observed month),fd10,-0.022984923824439174,0.02945112011923977,-0.08070911925814912,0.034739271609270775,81469,9382,precisely small,,,,,
S4b add on-leave / temporarily laid off with Q12new = 1,fd10,-0.04095186579367044,0.027630953371013504,-0.0951085344008569,0.013204802813516027,106881,13036,precisely small,,,,1256.0,
S5a persons with >= 6 analysis months,fd10,-0.04377228999725618,0.028848825275932678,-0.10031598753808423,0.012771407543571867,92891,9000,precisely small,,,,,
S5b person-equal weights (1/T_i),fd10,-0.06044857846014188,0.03304426201548311,-0.1252153320104888,0.0043181750902050245,105648,12933,precisely small,,,,,
S6a rows with an observed next-calendar-month response,fd10,-0.03797807865004472,0.029630264484449144,-0.09605339703956503,0.0200972397394756,85718,11218,precisely small,,,,,
"S6b LPM: P(no response next month), tenure < 12",fd10,-0.002083249969528935,0.00044122458391152426,-0.0029480501539955227,-0.0012184497850623475,103053,15645,(attrition model; pp of probability x100 not applicable),,,,,0.1568028102044579
"S6b LPM: P(no response next month), tenure < 12",loss10,-0.0019825838001633986,0.0007077242206638958,-0.0033697232726646346,-0.0005954443276621629,103053,15645,(attrition model; pp of probability x100 not applicable),,,,,0.1568028102044579
"S6b LPM: P(no response next month), tenure < 12",q30_10,0.006915928964116723,0.0007633288346258031,0.005419804448250149,0.008412053479983297,103053,15645,(attrition model; pp of probability x100 not applicable),,,,,0.1568028102044579
S7a same-sample Model B (rows with sentiment controls),fd10,-0.04873792316502243,0.027489808341177265,-0.10261794751372987,0.005142101183685008,105538,12932,precisely small,,,,,
"S7a + Q4new/10 + Q1, Q2 dummies",fd10,-0.07778973064185297,0.02688084448369067,-0.13047618582988668,-0.025103275453819268,105538,12932,precisely small,,,,,
S7b same-sample Model B (rows with t+1 belief),fd10,-0.03640852180557382,0.029308022401786742,-0.09385224571307584,0.02103520210192819,82781,10925,precisely small,,,,,
S7b Model B + fd10 at t+1 (placebo),fd10,-0.03664093022358139,0.029140081210128885,-0.093755489395434,0.02047362894827122,82781,10925,precisely small,,,,,
S7b Model B + fd10 at t+1 (placebo),fd10_f1,0.005801991531229458,0.028184533008592548,-0.04943969316561194,0.06104367622807085,82781,10925,placebo coefficient,,,,,
