loss_bin,fd_bin,n_rows,n_persons,mean_q30new,median_q30new,share_q30_eq0
0,0-25 (easy),11493,3693,6.104759418776647,0.0,0.75306708431219
0,26-50,4119,2214,9.112648701141053,0.0,0.6720077688759407
0,51-75,1967,1196,7.703609557702085,0.0,0.6705643111337062
0,76-100 (hard),4712,1999,7.703629032258065,0.0,0.682937181663837
1-10,0-25 (easy),20783,6057,7.766347495549247,2.0,0.3270461434826541
1-10,26-50,13055,5402,8.876905400229797,3.0,0.2757564151666028
1-10,51-75,7514,3698,9.807159968059622,3.5,0.2491349480968858
1-10,76-100 (hard),11122,4160,9.784166516813523,3.0,0.2780974644848049
11-25,0-25 (easy),4418,2447,12.511543684925305,5.0,0.2842915346310548
11-25,26-50,4853,2767,14.255099938182568,9.0,0.22254275705749021
11-25,51-75,3357,2074,15.766160262138815,10.0,0.20732797140303844
11-25,76-100 (hard),3429,1970,14.78915135608049,7.0,0.24176144648585593
26-50,0-25 (easy),2660,1560,18.386466165413534,7.0,0.29736842105263156
26-50,26-50,4114,2186,22.56490034030141,10.0,0.20418084589207583
26-50,51-75,2892,1721,23.716459197787,16.0,0.18118948824343015
26-50,76-100 (hard),3107,1633,20.7727711618925,10.0,0.25716124879304797
51-100,0-25 (easy),1320,905,19.9,5.0,0.3181818181818182
51-100,26-50,1337,900,25.67614061331339,11.0,0.20867614061331338
51-100,51-75,879,600,22.66552901023891,10.0,0.2445961319681456
51-100,76-100 (hard),1257,692,20.785998408910103,6.0,0.3444709626093874
