year,n_rows,n_persons,mean_q13new,mean_q22new,mean_q30new
2013,4428,1549,16.550361336946704,47.62782294489612,12.98509485094851
2014,8883,1971,15.27659574468085,50.75357424293595,12.24102217719239
2015,8695,1936,13.634847613571019,54.61288096607245,12.063829787234043
2016,9112,1998,14.821998463564611,54.002963125548725,12.60941615452151
2017,9234,2067,14.106346112194066,57.840047649989174,11.72969460688759
2018,9062,2046,14.099757227984993,58.91911277863606,11.360406091370558
2019,9231,2049,13.495016791246886,60.09630592568519,11.325100205828187
2020,8411,1909,15.419094043514445,51.677267863512064,10.591962905718702
2021,8872,1873,12.066839495040577,55.455477908025244,8.233205590622182
2022,9240,1845,11.204978354978355,59.34642857142857,9.891558441558441
2023,8833,1829,11.523944299784898,58.42533680516246,10.873202762368392
2024,8020,1693,12.492518703241895,54.80822942643392,12.074438902743141
2025,6367,1386,14.46819538244071,51.06722161143396,12.616145751531333
