group,variable,n,share_eq_0,share_eq_50,share_eq_100,share_mult_10,share_mult_5,share_non_integer
2013_2016,q13new,31118,0.2090751333633267,0.05427726717655376,0.01054052316986953,0.5709878526897616,0.7569252522655697,3.213574137155344e-05
2013_2016,q22new,31118,0.0485249694710457,0.11645992673050967,0.0868950446686805,0.6586862908927309,0.8417957452278424,0.0
2013_2016,q30new,31118,0.3860466610964715,0.03383893566424578,0.021884439874027894,0.6364804936049875,0.7665017031942927,0.0
2017_2019,q13new,27527,0.203400297889345,0.0495150216151415,0.007665201438587569,0.5356559014785484,0.6867802521161042,3.6327968903258616e-05
2017_2019,q22new,27527,0.0330947796708686,0.11486903767210375,0.09350819195698769,0.6370109347186399,0.7730955062302467,7.265593780651723e-05
2017_2019,q30new,27527,0.3752315908017583,0.033312747484288155,0.01420423584117412,0.5996294547171868,0.706143059541541,7.265593780651723e-05
2020_2024,q13new,43376,0.20850239763924752,0.041912578384360015,0.0069393212836591665,0.4823635189966802,0.6442041682036149,9.221689413500554e-05
2020_2024,q22new,43376,0.030039653264478054,0.10441257838436001,0.08716801918111398,0.5736582441903356,0.7224732571007009,6.916267060125415e-05
2020_2024,q30new,43376,0.3486259682773884,0.023353928439690152,0.009060309848764294,0.5215787532275913,0.6315243452600516,9.221689413500554e-05
latest,q13new,6367,0.17920527721061724,0.04381969530391079,0.008795351028741951,0.4733783571540757,0.6397047275011779,0.0
latest,q22new,6367,0.027642531804617558,0.11905135856761426,0.07868697973928067,0.5589759698445108,0.7138369718862887,0.0
latest,q30new,6367,0.3172608763939061,0.027956651484215486,0.01743364221768494,0.5181404114967803,0.6269828804774619,0.0
