month,n_rows,answered_q13new,answered_q22new,answered_q30new
2013-08,1024,0.990234375,0.990234375,0.990234375
2013-09,902,0.9889135254988913,0.9866962305986696,0.9889135254988913
2013-10,903,0.9856035437430787,0.9878183831672204,0.9878183831672204
2013-11,884,0.9886877828054299,0.9886877828054299,0.9886877828054299
2013-12,771,0.9857328145265889,0.9857328145265889,0.9857328145265889
2014-01,757,0.9907529722589168,0.9907529722589168,0.9907529722589168
2014-02,738,0.9959349593495935,0.997289972899729,0.994579945799458
2014-03,749,0.9933244325767691,0.9933244325767691,0.9906542056074766
2014-04,757,0.9947159841479525,0.9960369881109643,0.9960369881109643
2014-05,723,0.995850622406639,0.995850622406639,0.995850622406639
2014-06,721,0.9944521497919556,0.9944521497919556,0.9958391123439667
2014-07,761,0.9921156373193167,0.9934296977660972,0.9934296977660972
2014-08,752,0.9960106382978723,0.9960106382978723,0.9960106382978723
2014-09,760,0.9960526315789474,0.9960526315789474,0.9960526315789474
2014-10,744,0.9986559139784946,0.9986559139784946,0.9986559139784946
2014-11,747,0.9959839357429718,0.9959839357429718,0.9959839357429718
2014-12,725,0.9944827586206897,0.9958620689655172,0.9958620689655172
2015-01,755,1.0,1.0,1.0
2015-02,743,0.9986541049798116,0.9986541049798116,0.9986541049798116
2015-03,722,1.0,1.0,1.0
2015-04,728,0.9986263736263736,1.0,1.0
2015-05,735,0.9972789115646259,0.998639455782313,0.998639455782313
2015-06,732,0.9972677595628415,0.9972677595628415,0.9972677595628415
2015-07,730,0.9958904109589041,0.9972602739726028,0.9958904109589041
2015-08,710,0.9929577464788732,0.9929577464788732,0.9929577464788732
2015-09,730,0.9972602739726028,0.9972602739726028,0.9972602739726028
2015-10,722,0.9930747922437673,0.9958448753462604,0.9958448753462604
2015-11,711,0.9971870604781997,0.9971870604781997,0.9971870604781997
2015-12,704,0.9957386363636364,0.9957386363636364,0.9957386363636364
2016-01,736,0.9959239130434783,0.9959239130434783,0.9959239130434783
2016-02,698,0.9928366762177651,0.994269340974212,0.994269340974212
2016-03,753,0.9960159362549801,0.9960159362549801,0.9960159362549801
2016-04,718,0.9986072423398329,1.0,1.0
2016-05,767,1.0,1.0,1.0
2016-06,764,0.9986910994764397,1.0,0.9986910994764397
2016-07,806,1.0,1.0,0.9987593052109182
2016-08,758,1.0,1.0,0.9986807387862797
2016-09,783,1.0,1.0,1.0
2016-10,774,1.0,1.0,1.0
2016-11,777,0.9987129987129987,1.0,1.0
2016-12,794,1.0,1.0,1.0
2017-01,773,1.0,0.9987063389391979,1.0
2017-02,777,1.0,1.0,0.9987129987129987
2017-03,799,1.0,1.0,1.0
2017-04,755,1.0,0.9986754966887417,1.0
2017-05,778,1.0,1.0,1.0
2017-06,766,1.0,0.9973890339425587,0.9986945169712794
2017-07,789,0.9987325728770595,1.0,1.0
2017-08,772,1.0,1.0,1.0
2017-09,756,0.9986772486772487,1.0,0.9986772486772487
2017-10,789,0.9987325728770595,1.0,0.9987325728770595
2017-11,765,0.9986928104575163,1.0,0.9986928104575163
2017-12,727,0.9986244841815681,0.9972489683631361,0.9986244841815681
2018-01,748,0.9986631016042781,1.0,0.9986631016042781
2018-02,737,0.9986431478968792,1.0,0.9986431478968792
2018-03,746,1.0,1.0,0.9986595174262735
2018-04,744,0.9986559139784946,1.0,1.0
2018-05,759,0.9986824769433466,1.0,0.9986824769433466
2018-06,746,1.0,1.0,1.0
2018-07,761,0.9973718791064389,0.9973718791064389,0.9986859395532195
2018-08,780,0.9987179487179487,1.0,0.9987179487179487
2018-09,767,1.0,0.9986962190352021,1.0
2018-10,781,1.0,1.0,1.0
2018-11,763,1.0,1.0,1.0
2018-12,742,1.0,0.9986522911051213,1.0
2019-01,821,1.0,1.0,1.0
2019-02,788,1.0,1.0,0.998730964467005
2019-03,813,1.0,1.0,1.0
2019-04,778,1.0,1.0,1.0
2019-05,771,0.9987029831387808,1.0,1.0
2019-06,779,1.0,1.0,1.0
2019-07,767,1.0,1.0,1.0
2019-08,756,1.0,1.0,1.0
2019-09,745,1.0,0.9973154362416108,1.0
2019-10,749,0.9986648865153538,1.0,1.0
2019-11,736,1.0,0.998641304347826,1.0
2019-12,734,1.0,1.0,1.0
2020-01,765,1.0,1.0,1.0
2020-02,777,1.0,1.0,1.0
2020-03,742,1.0,1.0,1.0
2020-04,683,1.0,1.0,1.0
2020-05,687,1.0,1.0,1.0
2020-06,625,0.9984,1.0,0.9984
2020-07,656,0.9984756097560976,1.0,1.0
2020-08,645,1.0,0.9984496124031008,1.0
2020-09,659,1.0,1.0,1.0
2020-10,702,1.0,1.0,1.0
2020-11,705,0.9985815602836879,0.9985815602836879,1.0
2020-12,771,1.0,1.0,0.9987029831387808
2021-01,724,1.0,1.0,1.0
2021-02,697,1.0,1.0,0.9985652797704447
2021-03,696,1.0,1.0,1.0
2021-04,720,1.0,1.0,1.0
2021-05,717,1.0,1.0,1.0
2021-06,759,1.0,1.0,1.0
2021-07,728,1.0,1.0,1.0
2021-08,756,1.0,0.9986772486772487,1.0
2021-09,758,1.0,1.0,1.0
2021-10,778,1.0,1.0,1.0
2021-11,771,1.0,1.0,1.0
2021-12,770,1.0,1.0,1.0
2022-01,747,1.0,1.0,1.0
2022-02,749,1.0,1.0,1.0
2022-03,794,0.9987405541561712,1.0,0.9987405541561712
2022-04,793,1.0,1.0,1.0
2022-05,750,1.0,0.9986666666666667,0.9986666666666667
2022-06,758,1.0,1.0,1.0
2022-07,818,0.9987775061124694,0.9987775061124694,1.0
2022-08,819,1.0,1.0,1.0
2022-09,805,1.0,1.0,1.0
2022-10,750,1.0,1.0,1.0
2022-11,735,1.0,1.0,1.0
2022-12,727,1.0,1.0,1.0
2023-01,737,1.0,1.0,1.0
2023-02,749,1.0,1.0,1.0
2023-03,789,1.0,1.0,1.0
2023-04,782,1.0,1.0,1.0
2023-05,754,1.0,1.0,1.0
2023-06,723,1.0,1.0,1.0
2023-07,710,1.0,1.0,0.9985915492957746
2023-08,710,0.9985915492957746,0.9985915492957746,0.9985915492957746
2023-09,708,1.0,1.0,1.0
2023-10,712,1.0,1.0,1.0
2023-11,730,1.0,1.0,1.0
2023-12,732,1.0,1.0,0.9986338797814208
2024-01,737,1.0,1.0,1.0
2024-02,731,0.9986320109439124,1.0,1.0
2024-03,704,1.0,1.0,1.0
2024-04,684,1.0,1.0,1.0
2024-05,679,1.0,1.0,1.0
2024-06,675,1.0,1.0,1.0
2024-07,673,1.0,1.0,1.0
2024-08,654,1.0,1.0,1.0
2024-09,647,1.0,1.0,1.0
2024-10,647,1.0,1.0,1.0
2024-11,613,1.0,1.0,1.0
2024-12,577,1.0,1.0,1.0
2025-01,596,1.0,1.0,1.0
2025-02,586,0.9982935153583617,0.9982935153583617,1.0
2025-03,641,1.0,1.0,1.0
2025-04,669,1.0,1.0,1.0
2025-05,660,1.0,1.0,1.0
2025-06,656,1.0,1.0,1.0
2025-07,656,1.0,1.0,1.0
2025-08,618,1.0,1.0,1.0
2025-09,641,1.0,1.0,0.9984399375975039
2025-10,647,0.9984544049459042,1.0,1.0
