emp_group,n_rows,answered_q11,answered_q12new,answered_q13new,answered_q22new,answered_q30new,answered_q4new
Q10 nothing ticked,82,0.0,0.0,0.0,0.0,0.43902439024390244,0.5365853658536586
employed: Q12new missing,3063,0.9820437479595168,0.0,0.4675155076722168,0.5354227881162259,0.9934704538034607,0.9918380672543258
employed: self-employed,14257,1.0,1.0,0.0,0.0,0.9986673213158449,0.9986673213158449
employed: works for someone else,108588,1.0,1.0,0.9984989133237558,0.9986462592551664,0.9985817954101742,0.9984436585994769
"not working, would like to work",6580,0.0,0.0,0.0,0.0,0.998176291793313,0.9980243161094224
other not employed,14911,0.0,0.0,0.0,0.0,0.9977868687546106,0.9976527395882234
retired,37263,0.0,0.0,0.0,0.0,0.9987118589485549,0.9985508413171242
sick/other leave only,857,0.9976662777129521,0.690781796966161,0.6231038506417736,0.6231038506417736,1.0,0.9988331388564761
temporarily laid off,1059,1.0,0.785646836638338,0.7006610009442871,0.7006610009442871,0.9971671388101983,0.996222851746931
